{"sea": {"means": [92.56616458333333, 128.77895885416666, 148.9736515625], "sigmas": [67.9861580531029, 69.63283594205305, 66.10806202438596]}, "sand": {"means": [219.0130625, 174.76920729166667, 127.13075364583334], "sigmas": [20.12424447848013, 21.256855397552794, 21.470230258155265]}}